عنوان فروشگاه,شهر فروشگاه
بلبرینگ حافظ,اصفهان
چلسی موتور,تهران
موتو باز,تهران
مگا تایر,تهران
زرین پارت یدک,بابل
آسان دوچرخ,تهران
پرتوین,تبریز
پارت موتور,تهران
لاستیک معین تبریز,تبریز
تک نوین,تهران
کاربرد,تهران
فرهامیس,تهران
راسا یدک,تهران
دارویت موتور,تهران
لوکس خورشید تابان,تهران
فروشگاه لاستیک احسان,تهران
هامان یدک,تهران
فروشگاه تسلا,اندیمشک
فروشگاه بازرگانی محمد,تهران
فروشگاه یدک لوکس,تهران
فروشگاه نیک خواهان,بابل
لاستیک بنائیان,سمنان
یدک بازار غلامی,کرج
تایرلند شاپ,شیراز
فرهاد پارت,اصفهان
سوپر هندا,مشهد
سایا یدک,تبریز
رویال تایر,تهران
کام پارت,تهران
بازرگانی ابوذر,اقلید
اسپرت آپشن,تهران
سعادت خودرو مرکزی,تهران
امپایر مارکت,تهران
فروشگاه لوازم یدکی بهراد پارس,تهران
