نام فروشنده,لینک فروشگاه
"گناوه جی پاس
ارسال از گناوه",https://inchand.com/vendors/%DA%AF%D9%86%D8%A7%D9%88%D9%87-%D8%AC%DB%8C-%D9%BE%D8%A7%D8%B3
گالری عطر بارانا,https://inchand.com/vendors/%DA%AF%D8%A7%D9%84%D8%B1%DB%8C-%D8%B9%D8%B7%D8%B1-%D8%A8%D8%A7%D8%B1%D8%A7%D9%86%D8%A7
"گجتو
ارسال از تهران",https://inchand.com/vendors/%D9%84%D9%88%D9%86%D8%A7
"آبادان پلاس
ارسال از آبادان",https://inchand.com/vendors/%D8%A2%D8%A8%D8%A7%D8%AF%D8%A7%D9%86-%D9%BE%D9%84%D8%A7%D8%B3
"Gadjet Store
ارسال از سمنان",https://inchand.com/vendors/Gadjet-Store
"PePaStore
ارسال از تهران",https://inchand.com/vendors/PePaStore
لوازم جانبی ساکو,https://inchand.com/vendors/%D9%84%D9%88%D8%A7%D8%B2%D9%85-%D8%AC%D8%A7%D9%86%D8%A8%DB%8C-%D8%B3%D8%A7%DA%A9%D9%88
"فروشگاه ایران زمین
ارسال از اهواز",https://inchand.com/vendors/%D9%81%D8%B1%D9%88%D8%B4%DA%AF%D8%A7%D9%87-%D8%A7%DB%8C%D8%B1%D8%A7%D9%86-%D8%B2%D9%85%DB%8C%D9%86
"جانبی راشا
ارسال از تبریز",https://inchand.com/vendors/%D8%A7%D9%85-%D8%B2%D8%AF
آبادان پلاس,https://inchand.com/vendors/%D8%A2%D8%A8%D8%A7%D8%AF%D8%A7%D9%86-%D9%BE%D9%84%D8%A7%D8%B3
"فرمانروای بازی
ارسال از تهران",https://inchand.com/vendors/%D9%81%D8%B1%D9%85%D8%A7%D9%86%D8%B1%D9%88%D8%A7%DB%8C-%D8%A8%D8%A7%D8%B2%DB%8C
آیهان استور,https://inchand.com/vendors/%DA%86%DB%8C%DA%86%DA%A9-%D8%A7%D8%B3%D8%AA%D9%88%D8%B1
"صاحب الزمان
ارسال از اصفهان",https://inchand.com/vendors/%D8%B5%D8%A7%D8%AD%D8%A8-%D8%A7%D9%84%D8%B2%D9%85%D8%A7%D9%86
آرایشی تهران کالا,https://inchand.com/vendors/%D8%A2%D8%B1%D8%A7%DB%8C%D8%B4%DB%8C-%D8%AA%D9%87%D8%B1%D8%A7%D9%86-%DA%A9%D8%A7%D9%84%D8%A7
"Kashandigi
ارسال از کاشان",https://inchand.com/vendors/%D9%85%D8%B1%DA%A9%D8%B2-%D8%A7%D8%B1%D8%AA%D8%A8%D8%A7%D8%B7-%D8%A8%D8%A7-%D8%A7%DB%8C%D8%B1%D8%A7%D9%86%D8%B3%D9%84-%DA%A9%D8%A7%D8%B4%D8%A7%D9%86
"اکسین سرویس
ارسال از اهواز",https://inchand.com/vendors/%D8%A7%DA%A9%D8%B3%DB%8C%D9%86-%D8%B3%D8%B1%D9%88%DB%8C%D8%B3
شیراز لپ تاپ,https://inchand.com/vendors/%DA%A9%D8%A7%D8%AF%D9%88%D8%B3%D8%A7%D9%86
صاحب الزمان,https://inchand.com/vendors/%D8%B5%D8%A7%D8%AD%D8%A8-%D8%A7%D9%84%D8%B2%D9%85%D8%A7%D9%86
گناوه جی پاس,https://inchand.com/vendors/%DA%AF%D9%86%D8%A7%D9%88%D9%87-%D8%AC%DB%8C-%D9%BE%D8%A7%D8%B3
شیراز کتونی,https://inchand.com/vendors/%D8%B4%DB%8C%D8%B1%D8%A7%D8%B2-%DA%A9%D8%AA%D9%88%D9%86%DB%8C
عطر و ادکلن ورساچ,https://inchand.com/vendors/%DA%AF%D8%A7%D9%84%D8%B1%DB%8C-%DA%98%D8%A7%D9%86%DB%8C%D8%AA%D8%A7
پخش هزاردستان,https://inchand.com/vendors/%D9%BE%D8%AE%D8%B4-%D9%87%D8%B2%D8%A7%D8%B1%D8%AF%D8%B3%D8%AA%D8%A7%D9%86
گلد استار,https://inchand.com/vendors/%D8%A7%DB%8C%D8%B1%D8%A7%D9%86%D8%B3%D9%84-%D8%AD%D8%AF%D8%A7%D8%AF
زنبق شاپ,https://inchand.com/vendors/%D8%B2%D9%86%D8%A8%D9%82-%D8%B4%D8%A7%D9%BE
"گناوه اسمارت
ارسال از گناوه",https://inchand.com/vendors/%DA%AF%D9%86%D8%A7%D9%88%D9%87-%D8%A7%D8%B3%D9%85%D8%A7%D8%B1%D8%AA
PePaTOY,https://inchand.com/vendors/%D8%A7%D8%AA%D9%88-%D9%BE%D8%B1%D8%B4%DB%8C%D9%86
رهاورد پارت,https://inchand.com/vendors/%D8%B1%D9%87%D8%A7%D9%88%D8%B1%D8%AF-%D9%BE%D8%A7%D8%B1%D8%AA
"اسپیناس تل
ارسال از تهران",https://inchand.com/vendors/%D8%A7%D8%B3%D9%BE%DB%8C%D9%86%D8%A7%D8%B3-%D8%AA%D9%84
بستویز,https://inchand.com/vendors/%D8%A8%D8%B3%D8%AA%D9%88%DB%8C%D8%B2
ایران گجت,https://inchand.com/vendors/%D8%A7%DB%8C%D8%B1%D8%A7%D9%86-%DA%AF%D8%AC%D8%AA
فروشگاه جورواجور عمو توپولو,https://inchand.com/vendors/%D9%81%D8%B1%D9%88%D8%B4%DA%AF%D8%A7%D9%87-%D8%AC%D9%88%D8%B1%D9%88%D8%A7%D8%AC%D9%88%D8%B1-%D8%B9%D9%85%D9%88-%D8%AA%D9%88%D9%BE%D9%88%D9%84%D9%88
"ونیسا استور
ارسال از تبریز",https://inchand.com/vendors/%D9%88%D9%86%DB%8C%D8%B3%D8%A7-%D8%A7%D8%B3%D8%AA%D9%88%D8%B1
مگا مال,https://inchand.com/vendors/%D9%85%DA%AF%D8%A7-%D9%85%D8%A7%D9%84
هم سفر,https://inchand.com/vendors/%D9%87%D9%85-%D8%B3%D9%81%D8%B1
"پخش هزاردستان
ارسال از تهران",https://inchand.com/vendors/%D9%BE%D8%AE%D8%B4-%D9%87%D8%B2%D8%A7%D8%B1%D8%AF%D8%B3%D8%AA%D8%A7%D9%86
گرندی,https://inchand.com/vendors/%DA%AF%D8%B1%D9%86%D8%AF%DB%8C
"گلد استار
ارسال از کاشان",https://inchand.com/vendors/%D8%A7%DB%8C%D8%B1%D8%A7%D9%86%D8%B3%D9%84-%D8%AD%D8%AF%D8%A7%D8%AF
"گناوه شاپ
ارسال از شیراز",https://inchand.com/vendors/%DA%AF%D9%86%D8%A7%D9%88%D9%87-%D8%B4%D8%A7%D9%BE
کالای خواب آدلانته,https://inchand.com/vendors/%DA%A9%D8%A7%D9%84%D8%A7%DB%8C-%D8%AE%D9%88%D8%A7%D8%A8-%D8%A2%D8%AF%D9%84%D8%A7%D9%86%D8%AA%D9%87
"آیهان استور
ارسال از تاکستان",https://inchand.com/vendors/%DA%86%DB%8C%DA%86%DA%A9-%D8%A7%D8%B3%D8%AA%D9%88%D8%B1
مستر ارما,https://inchand.com/vendors/%D9%85%D8%B3%D8%AA%D8%B1-%D8%A7%D8%B1%D9%85%D8%A7
"زیبا کده
ارسال از تهران",https://inchand.com/vendors/%D8%B2%DB%8C%D8%A8%D8%A7-%DA%A9%D8%AF%D9%87
بازرگانی اسدی,https://inchand.com/vendors/%D8%B9%D8%B3%D9%84-%D8%A7%D8%B1%DA%AF%D8%A7%D9%86%DB%8C%DA%A9-%D8%A7%D8%B3%D8%AF%DB%8C
"آفربرتر
ارسال از قزوین",https://inchand.com/vendors/%D8%A2%D9%81%D8%B1%D8%A8%D8%B1%D8%AA%D8%B1
ونیسا استور,https://inchand.com/vendors/%D9%88%D9%86%DB%8C%D8%B3%D8%A7-%D8%A7%D8%B3%D8%AA%D9%88%D8%B1
لوکس شاپ,https://inchand.com/vendors/%D9%84%D9%88%DA%A9%D8%B3-%D8%B4%D8%A7%D9%BE
هیوامی,https://inchand.com/vendors/%D9%87%DB%8C%D9%88%D8%A7%D9%85%DB%8C
شرکت کاپاجو,https://inchand.com/vendors/%D8%B4%D8%B1%DA%A9%D8%AA-%DA%A9%D8%A7%D9%BE%D8%A7%D8%AC%D9%88
فاخر اسپرت,https://inchand.com/vendors/%D9%81%D8%A7%D8%AE%D8%B1-%D8%A7%D8%B3%D9%BE%D8%B1%D8%AA
"مانلی بانه
ارسال از بانه",https://inchand.com/vendors/%D9%85%D8%A7%D9%86%D9%84%DB%8C-%D8%A8%D8%A7%D9%86%D9%87
رویال سنتر,https://inchand.com/vendors/%DA%A9%D8%A7%D9%84%D8%A7%DB%8C-%D9%86%DA%AF%DB%8C%D9%86
هایتک استور,https://inchand.com/vendors/%D9%87%D8%A7%DB%8C%D8%AA%DA%A9-%D8%A7%D8%B3%D8%AA%D9%88%D8%B1
"شرکت کاپاجو
ارسال از تهران",https://inchand.com/vendors/%D8%B4%D8%B1%DA%A9%D8%AA-%DA%A9%D8%A7%D9%BE%D8%A7%D8%AC%D9%88
مفیدجانبی,https://inchand.com/vendors/%D9%85%D9%81%DB%8C%D8%AF%D8%AC%D8%A7%D9%86%D8%A8%DB%8C
لاله زار الکتریک,https://inchand.com/vendors/%D9%84%D8%A7%D9%84%D9%87-%D8%B2%D8%A7%D8%B1-%D8%A7%D9%84%DA%A9%D8%AA%D8%B1%DB%8C%DA%A9
تهران شاپ,https://inchand.com/vendors/%D8%AA%D9%87%D8%B1%D8%A7%D9%86-%D8%B4%D8%A7%D9%BE
"دیجیمون کالا
ارسال از تهران",https://inchand.com/vendors/%D8%AF%DB%8C%D8%AC%DB%8C%D9%85%D9%88%D9%86-%DA%A9%D8%A7%D9%84%D8%A7
وارکالا,https://inchand.com/vendors/%D9%88%D8%A7%D8%B1%DA%A9%D8%A7%D9%84%D8%A7
"برگزیده
ارسال از اهواز",https://inchand.com/vendors/%D8%A8%D8%B1%DA%AF%D8%B2%DB%8C%D8%AF%D9%87
کالاتو360,https://inchand.com/vendors/%DA%A9%D8%A7%D9%84%D8%A7%D8%AA%D9%88360
Kashandigi,https://inchand.com/vendors/%D9%85%D8%B1%DA%A9%D8%B2-%D8%A7%D8%B1%D8%AA%D8%A8%D8%A7%D8%B7-%D8%A8%D8%A7-%D8%A7%DB%8C%D8%B1%D8%A7%D9%86%D8%B3%D9%84-%DA%A9%D8%A7%D8%B4%D8%A7%D9%86
"هگمتانه الکترونیک
ارسال از همدان",https://inchand.com/vendors/%D9%87%DA%AF%D9%85%D8%AA%D8%A7%D9%86%D9%87-%D8%A7%D9%84%DA%A9%D8%AA%D8%B1%D9%88%D9%86%DB%8C%DA%A9
"اروند رایانه
ارسال از کرج",https://inchand.com/vendors/%D8%A7%D8%B1%D9%88%D9%86%D8%AF-%D8%B1%D8%A7%DB%8C%D8%A7%D9%86%D9%87
"PePaTOY
ارسال از تهران",https://inchand.com/vendors/%D8%A7%D8%AA%D9%88-%D9%BE%D8%B1%D8%B4%DB%8C%D9%86
Kala2kala,https://inchand.com/vendors/kala2kala
امیران دیجیتال,https://inchand.com/vendors/%D8%A7%D9%85%DB%8C%D8%B1%D8%A7%D9%86-%D8%AF%DB%8C%D8%AC%DB%8C%D8%AA%D8%A7%D9%84
"آرماتیک
ارسال از کرج",https://inchand.com/vendors/%D8%A2%D8%B1%D9%85%D8%A7%D8%AA%DB%8C%DA%A9
"هوشمند جانبی
ارسال از تبریز",https://inchand.com/vendors/%D8%AC%D8%A7%D9%86%D8%A8%DB%8C-%D9%BE%D9%84%D8%A7%D8%B3-%D9%BE%D8%AE%D8%B4
آپادانا شاپ,https://inchand.com/vendors/%D9%81%D8%B1%D9%88%D8%B4%DA%AF%D8%A7%D9%87-%D9%84%D9%88%D8%A7%D8%B2%D9%85-%D8%AE%D8%A7%D9%86%DA%AF%DB%8C-%D9%87%D9%88%D9%85-%D9%BE%D9%84%D8%A7%D8%B3
فرمانروای بازی,https://inchand.com/vendors/%D9%81%D8%B1%D9%85%D8%A7%D9%86%D8%B1%D9%88%D8%A7%DB%8C-%D8%A8%D8%A7%D8%B2%DB%8C
"طاری شاپ
ارسال از اصفهان",https://inchand.com/vendors/%D8%B7%D8%A7%D8%B1%DB%8C-%D8%B4%D8%A7%D9%BE
"هایتک استور
ارسال از مشهد",https://inchand.com/vendors/%D9%87%D8%A7%DB%8C%D8%AA%DA%A9-%D8%A7%D8%B3%D8%AA%D9%88%D8%B1
Gadjet Store,https://inchand.com/vendors/Gadjet-Store
"مستر ارما
ارسال از ورامین",https://inchand.com/vendors/%D9%85%D8%B3%D8%AA%D8%B1-%D8%A7%D8%B1%D9%85%D8%A7
لیموکمپ,https://inchand.com/vendors/%D9%84%DB%8C%D9%85%D9%88%DA%A9%D9%85%D9%BE
عطر گلشن,https://inchand.com/vendors/%D8%B9%D8%B7%D8%B1-%DA%AF%D9%84%D8%B4%D9%86
پخش سورن,https://inchand.com/vendors/%D9%BE%D8%AE%D8%B4-%D8%B3%D9%88%D8%B1%D9%86
"بازرگانی اسدی
ارسال از شیراز",https://inchand.com/vendors/%D8%B9%D8%B3%D9%84-%D8%A7%D8%B1%DA%AF%D8%A7%D9%86%DB%8C%DA%A9-%D8%A7%D8%B3%D8%AF%DB%8C
ژانت,https://inchand.com/vendors/%DA%98%D8%A7%D9%86%D8%AA
روشان گالری,https://inchand.com/vendors/%D8%B1%D9%88%D8%B4%D8%A7%D9%86-%DA%AF%D8%A7%D9%84%D8%B1%DB%8C
"لوازم جانبی ساکو
ارسال از تبریز",https://inchand.com/vendors/%D9%84%D9%88%D8%A7%D8%B2%D9%85-%D8%AC%D8%A7%D9%86%D8%A8%DB%8C-%D8%B3%D8%A7%DA%A9%D9%88
"آراد اسمارت
ارسال از تبریز",https://inchand.com/vendors/%D8%A2%D8%B1%D8%A7%D8%AF-%D8%A7%D8%B3%D9%85%D8%A7%D8%B1%D8%AA
"زمان نما
ارسال از تهران",https://inchand.com/vendors/%D8%B2%D9%85%D8%A7%D9%86-%D9%86%D9%85%D8%A7
هوشمند جانبی,https://inchand.com/vendors/%D8%AC%D8%A7%D9%86%D8%A8%DB%8C-%D9%BE%D9%84%D8%A7%D8%B3-%D9%BE%D8%AE%D8%B4
فروشگاه ثانیه,https://inchand.com/vendors/%D9%81%D8%B1%D9%88%D8%B4%DA%AF%D8%A7%D9%87-%D8%AB%D8%A7%D9%86%DB%8C%D9%87
گالری افرا,https://inchand.com/vendors/%DA%AF%D8%A7%D9%84%D8%B1%DB%8C-%D8%A7%D9%81%D8%B1%D8%A7
فوکوس پلاس,https://inchand.com/vendors/%D9%81%D9%88%DA%A9%D9%88%D8%B3-%D9%BE%D9%84%D8%A7%D8%B3
مگاکالا,https://inchand.com/vendors/%D9%85%DA%AF%D8%A7%DA%A9%D8%A7%D9%84%D8%A7
شارپ ایران,https://inchand.com/vendors/%D8%B4%D8%A7%D8%B1%D9%BE-%D8%A7%DB%8C%D8%B1%D8%A7%D9%86
"شارپ ایران
ارسال از تهران",https://inchand.com/vendors/%D8%B4%D8%A7%D8%B1%D9%BE-%D8%A7%DB%8C%D8%B1%D8%A7%D9%86
رای شاپ,https://inchand.com/vendors/%D8%B1%D8%A7%DB%8C-%D8%B4%D8%A7%D9%BE
"شایان استور
ارسال از تهران",https://inchand.com/vendors/%D9%88%DB%8C%D8%B3%D8%AA%D8%A7-%D9%87%D9%88%D9%85
اسپیناس تل,https://inchand.com/vendors/%D8%A7%D8%B3%D9%BE%DB%8C%D9%86%D8%A7%D8%B3-%D8%AA%D9%84
استورشاپ,https://inchand.com/vendors/%D8%A7%D8%B3%D8%AA%D9%88%D8%B1%D8%B4%D8%A7%D9%BE
فروشگاه وحید,https://inchand.com/vendors/%D9%81%D8%B1%D9%88%D8%B4%DA%AF%D8%A7%D9%87-%D9%88%D8%AD%DB%8C%D8%AF
"کالا 724
ارسال از تهران",https://inchand.com/vendors/%DA%A9%D8%A7%D9%84%D8%A7-724
"تهران شاپ
ارسال از تهران",https://inchand.com/vendors/%D8%AA%D9%87%D8%B1%D8%A7%D9%86-%D8%B4%D8%A7%D9%BE
کتاب آنلاین خراسان,https://inchand.com/vendors/%DA%A9%D8%AA%D8%A7%D8%A8-%D8%A2%D9%86%D9%84%D8%A7%DB%8C%D9%86-%D8%AE%D8%B1%D8%A7%D8%B3%D8%A7%D9%86
پارس تینا,https://inchand.com/vendors/%D9%BE%D8%A7%D8%B1%D8%B3-%D8%AA%DB%8C%D9%86%D8%A7
"نویانو
ارسال از کرج",https://inchand.com/vendors/%D9%86%D9%88%DB%8C%D8%A7%D9%86%D9%88
"تک گیفت کارت
ارسال از تهران",https://inchand.com/vendors/%D8%AA%DA%A9-%DA%AF%DB%8C%D9%81%D8%AA-%DA%A9%D8%A7%D8%B1%D8%AA
نویانو,https://inchand.com/vendors/%D9%86%D9%88%DB%8C%D8%A7%D9%86%D9%88
میهن آنلاین,https://inchand.com/vendors/%D9%85%DB%8C%D9%87%D9%86-%D8%A2%D9%86%D9%84%D8%A7%DB%8C%D9%86
مهران ناجی,https://inchand.com/vendors/%D9%85%D9%87%D8%B1%D8%A7%D9%86-%D9%86%D8%A7%D8%AC%DB%8C
فیس آف,https://inchand.com/vendors/%D9%BE%D8%B1%D9%86%D8%B3%D8%B3
کالا 724,https://inchand.com/vendors/%DA%A9%D8%A7%D9%84%D8%A7-724
طاری شاپ,https://inchand.com/vendors/%D8%B7%D8%A7%D8%B1%DB%8C-%D8%B4%D8%A7%D9%BE
Ultravision,https://inchand.com/vendors/ultravision
کالای برق حصاری,https://inchand.com/vendors/%DA%A9%D8%A7%D9%84%D8%A7%DB%8C-%D8%A8%D8%B1%D9%82-%D8%AD%D8%B5%D8%A7%D8%B1%DB%8C
بیهق,https://inchand.com/vendors/%D8%A8%DB%8C%D9%87%D9%82
"لوکس شاپ
ارسال از گناوه",https://inchand.com/vendors/%D9%84%D9%88%DA%A9%D8%B3-%D8%B4%D8%A7%D9%BE
"بورس کارتخوان
ارسال از قم",https://inchand.com/vendors/%D8%A8%D9%88%D8%B1%D8%B3-%DA%A9%D8%A7%D8%B1%D8%AA%D8%AE%D9%88%D8%A7%D9%86
"رویال سنتر
ارسال از عسلویه",https://inchand.com/vendors/%DA%A9%D8%A7%D9%84%D8%A7%DB%8C-%D9%86%DA%AF%DB%8C%D9%86
sepahi_online_market,https://inchand.com/vendors/sepahi_online_market
قطعات موبایل الکامپ,https://inchand.com/vendors/%D9%82%D8%B7%D8%B9%D8%A7%D8%AA-%D9%85%D9%88%D8%A8%D8%A7%DB%8C%D9%84-%D8%A7%D9%84%DA%A9%D8%A7%D9%85%D9%BE
موبایل یار باغ فیض,https://inchand.com/vendors/%D9%85%D9%88%D8%A8%D8%A7%DB%8C%D9%84-%DB%8C%D8%A7%D8%B1-%D8%A8%D8%A7%D8%BA-%D9%81%DB%8C%D8%B6
گناوه اسمارت,https://inchand.com/vendors/%DA%AF%D9%86%D8%A7%D9%88%D9%87-%D8%A7%D8%B3%D9%85%D8%A7%D8%B1%D8%AA
PePaStore,https://inchand.com/vendors/PePaStore
نیرسان الکتریک,https://inchand.com/vendors/%D9%86%DB%8C%D8%B1%D8%B3%D8%A7%D9%86-%D8%A7%D9%84%DA%A9%D8%AA%D8%B1%DB%8C%DA%A9
پاناپا بلت,https://inchand.com/vendors/%D9%BE%D8%A7%D9%86%D8%A7%D9%BE%D8%A7-%D8%A8%D9%84%D8%AA
نیلاشاپ,https://inchand.com/vendors/%D9%86%DB%8C%D9%84%D8%A7%D8%B4%D8%A7%D9%BE
"کالای برق حصاری
ارسال از مرند",https://inchand.com/vendors/%DA%A9%D8%A7%D9%84%D8%A7%DB%8C-%D8%A8%D8%B1%D9%82-%D8%AD%D8%B5%D8%A7%D8%B1%DB%8C
بیابورد,https://inchand.com/vendors/%D8%A8%DB%8C%D8%A7%D8%A8%D9%88%D8%B1%D8%AF
پخش پارسه,https://inchand.com/vendors/%D9%BE%D8%AE%D8%B4-%D9%BE%D8%A7%D8%B1%D8%B3%D9%87
تولیدی کیف بزرگمهر,https://inchand.com/vendors/%D8%AA%D9%88%D9%84%DB%8C%D8%AF%DB%8C-%DA%A9%DB%8C%D9%81-%D8%A8%D8%B2%D8%B1%DA%AF%D9%85%D9%87%D8%B1
"آل دیجیتال دات کام
ارسال از تهران",https://inchand.com/vendors/%D8%A2%D9%84-%D8%AF%DB%8C%D8%AC%DB%8C%D8%AA%D8%A7%D9%84-%D8%AF%D8%A7%D8%AA-%DA%A9%D8%A7%D9%85
دیجیمون کالا,https://inchand.com/vendors/%D8%AF%DB%8C%D8%AC%DB%8C%D9%85%D9%88%D9%86-%DA%A9%D8%A7%D9%84%D8%A7
فروشگاه ایران زمین,https://inchand.com/vendors/%D9%81%D8%B1%D9%88%D8%B4%DA%AF%D8%A7%D9%87-%D8%A7%DB%8C%D8%B1%D8%A7%D9%86-%D8%B2%D9%85%DB%8C%D9%86
جانبی کالا,https://inchand.com/vendors/%D8%AC%D8%A7%D9%86%D8%A8%DB%8C-%DA%A9%D8%A7%D9%84%D8%A7
اسپارک لاین,https://inchand.com/vendors/%D8%A7%D8%B3%D9%BE%D8%A7%D8%B1%DA%A9-%D9%84%D8%A7%DB%8C%D9%86
هگمتانه الکترونیک,https://inchand.com/vendors/%D9%87%DA%AF%D9%85%D8%AA%D8%A7%D9%86%D9%87-%D8%A7%D9%84%DA%A9%D8%AA%D8%B1%D9%88%D9%86%DB%8C%DA%A9
استار شاپ,https://inchand.com/vendors/%D8%A7%D8%B3%D8%AA%D8%A7%D8%B1-%D8%B4%D8%A7%D9%BE
بازرگانی خلیج فارس,https://inchand.com/vendors/nazagol
بورس کارتخوان,https://inchand.com/vendors/%D8%A8%D9%88%D8%B1%D8%B3-%DA%A9%D8%A7%D8%B1%D8%AA%D8%AE%D9%88%D8%A7%D9%86
تک گیفت کارت,https://inchand.com/vendors/%D8%AA%DA%A9-%DA%AF%DB%8C%D9%81%D8%AA-%DA%A9%D8%A7%D8%B1%D8%AA
"شیراز لپ تاپ
ارسال از شیراز",https://inchand.com/vendors/%DA%A9%D8%A7%D8%AF%D9%88%D8%B3%D8%A7%D9%86
تجهیزات پزشکی پایار طب,https://inchand.com/vendors/%D8%AA%D8%AC%D9%87%DB%8C%D8%B2%D8%A7%D8%AA-%D9%BE%D8%B2%D8%B4%DA%A9%DB%8C-%D9%BE%D8%A7%DB%8C%D8%A7%D8%B1-%D8%B7%D8%A8
شایان استور,https://inchand.com/vendors/%D9%88%DB%8C%D8%B3%D8%AA%D8%A7-%D9%87%D9%88%D9%85
"Ultravision
ارسال از تهران",https://inchand.com/vendors/ultravision
گناوه شاپ,https://inchand.com/vendors/%DA%AF%D9%86%D8%A7%D9%88%D9%87-%D8%B4%D8%A7%D9%BE
اروند رایانه,https://inchand.com/vendors/%D8%A7%D8%B1%D9%88%D9%86%D8%AF-%D8%B1%D8%A7%DB%8C%D8%A7%D9%86%D9%87
آرماتیک,https://inchand.com/vendors/%D8%A2%D8%B1%D9%85%D8%A7%D8%AA%DB%8C%DA%A9
"وارکالا
ارسال از تهران",https://inchand.com/vendors/%D9%88%D8%A7%D8%B1%DA%A9%D8%A7%D9%84%D8%A7
"مفیدجانبی
ارسال از سمنان",https://inchand.com/vendors/%D9%85%D9%81%DB%8C%D8%AF%D8%AC%D8%A7%D9%86%D8%A8%DB%8C
گجتو,https://inchand.com/vendors/%D9%84%D9%88%D9%86%D8%A7
زمان نما,https://inchand.com/vendors/%D8%B2%D9%85%D8%A7%D9%86-%D9%86%D9%85%D8%A7
"پارس تینا
ارسال از اصفهان",https://inchand.com/vendors/%D9%BE%D8%A7%D8%B1%D8%B3-%D8%AA%DB%8C%D9%86%D8%A7
جانبی راشا,https://inchand.com/vendors/%D8%A7%D9%85-%D8%B2%D8%AF
کاورشاپ,https://inchand.com/vendors/%DA%A9%D8%A7%D9%88%D8%B1%D8%B4%D8%A7%D9%BE
"امیران دیجیتال
ارسال از تهران",https://inchand.com/vendors/%D8%A7%D9%85%DB%8C%D8%B1%D8%A7%D9%86-%D8%AF%DB%8C%D8%AC%DB%8C%D8%AA%D8%A7%D9%84
مانلی بانه,https://inchand.com/vendors/%D9%85%D8%A7%D9%86%D9%84%DB%8C-%D8%A8%D8%A7%D9%86%D9%87
ابزار نشان,https://inchand.com/vendors/%D9%81%D8%B1%D8%B2%D8%A7%D8%AF
اروند,https://inchand.com/vendors/%D8%A7%D8%B1%D9%88%D9%86%D8%AF
تجارت همراه,https://inchand.com/vendors/%D8%AA%D8%AC%D8%A7%D8%B1%D8%AA-%D9%87%D9%85%D8%B1%D8%A7%D9%87
"آرایشی تهران کالا
ارسال از تهران",https://inchand.com/vendors/%D8%A2%D8%B1%D8%A7%DB%8C%D8%B4%DB%8C-%D8%AA%D9%87%D8%B1%D8%A7%D9%86-%DA%A9%D8%A7%D9%84%D8%A7
"قلب آشپزخانه
ارسال از تهران",https://inchand.com/vendors/%D9%87%D9%88%D9%85-%D9%BE%DB%8C%D9%86%DA%A9
کالای خواب دواج,https://inchand.com/vendors/%DA%A9%D8%A7%D9%84%D8%A7%DB%8C-%D8%AE%D9%88%D8%A7%D8%A8-%D8%AF%D9%88%D8%A7%D8%AC
مارت ۳۶۰,https://inchand.com/vendors/%D9%85%D8%A7%D8%B1%D8%AA%DB%B3%DB%B6%DB%B0%DB%B0
